"ngay_chuyen_sau","ngay_tinh_ca_nen_tang","tuan_chuyen_sau","tuan_tinh_ca_nen_tang","lab","chu_de","gio_kien_thuc_du_kien","gio_thuc_hanh_du_kien","gio_on_du_kien","tong_gio_du_kien","gio_kien_thuc_thuc_te","gio_thuc_hanh_thuc_te","gio_on_thuc_te","trang_thai","ngay_hoc_thuc_te","duong_dan_bang_chung","diem_tu_cham","ghi_chu"
"1","29","1","5","L01","Biến yêu cầu thành hợp đồng đầu vào/đầu ra","1.5","5","0.5","7","","","","chua_bat_dau","","bai_lam/huong_01/novalearn/L01/","",""
"2","30","1","5","L02","Prompt rõ nhiệm vụ và ranh giới dữ liệu","1.5","5","0.5","7","","","","chua_bat_dau","","bai_lam/huong_01/novalearn/L02/","",""
"3","31","1","5","L03","Provider thay thế được và lần chạy mô hình đầu tiên","1.5","5","0.5","7","","","","chua_bat_dau","","bai_lam/huong_01/novalearn/L03/","",""
"4","32","1","5","L04","JSON đúng kiểu và câu trả lời có căn cứ","1.5","5","0.5","7","","","","chua_bat_dau","","bai_lam/huong_01/novalearn/L04/","",""
"5","33","1","5","L05","Ngân sách token và ngữ cảnh","1.5","5","0.5","7","","","","chua_bat_dau","","bai_lam/huong_01/novalearn/L05/","",""
"6","34","1","5","L06","Timeout, retry hữu hạn và bàn giao R1","1.5","5","0.5","7","","","","chua_bat_dau","","bai_lam/huong_01/novalearn/L06/","",""
"7","35","1","5","","Ôn và tự đánh giá R1","0","0","1","1","","","","chua_bat_dau","","bai_lam/huong_01/novalearn/on_tuan_1/","",""
"8","36","2","6","L07","Ingestion giữ được nguồn gốc","1.5","5","0.5","7","","","","chua_bat_dau","","bai_lam/huong_01/novalearn/L07/","",""
"9","37","2","6","L08","Chunking có biên và có bằng chứng","1.5","5","0.5","7","","","","chua_bat_dau","","bai_lam/huong_01/novalearn/L08/","",""
"10","38","2","6","L09","Baseline lexical và Recall@k","1.5","5","0.5","7","","","","chua_bat_dau","","bai_lam/huong_01/novalearn/L09/","",""
"11","39","2","6","L10","Dense retrieval bằng embedding thật","1.5","5","0.5","7","","","","chua_bat_dau","","bai_lam/huong_01/novalearn/L10/","",""
"12","40","2","6","L11","Hybrid search với Reciprocal Rank Fusion","1.5","5","0.5","7","","","","chua_bat_dau","","bai_lam/huong_01/novalearn/L11/","",""
"13","41","2","6","L12","Reranker và bàn giao R2","1.5","5","0.5","7","","","","chua_bat_dau","","bai_lam/huong_01/novalearn/L12/","",""
"14","42","2","6","","Ôn và tự đánh giá R2","0","0","1","1","","","","chua_bat_dau","","bai_lam/huong_01/novalearn/on_tuan_2/","",""
"15","43","3","7","L13","Ghép truy hồi với mô hình sinh","1.5","5","0.5","7","","","","chua_bat_dau","","bai_lam/huong_01/novalearn/L13/","",""
"16","44","3","7","L14","Kiểm tra nguồn theo từng phát biểu","1.5","5","0.5","7","","","","chua_bat_dau","","bai_lam/huong_01/novalearn/L14/","",""
"17","45","3","7","L15","Thiếu bằng chứng và chỉ dẫn gây nhiễu","1.5","5","0.5","7","","","","chua_bat_dau","","bai_lam/huong_01/novalearn/L15/","",""
"18","46","3","7","L16","Bộ chấm development tách từng loại lỗi","1.5","5","0.5","7","","","","chua_bat_dau","","bai_lam/huong_01/novalearn/L16/","",""
"19","47","3","7","L17","Ablation tìm phần tạo ra khác biệt","1.5","5","0.5","7","","","","chua_bat_dau","","bai_lam/huong_01/novalearn/L17/","",""
"20","48","3","7","L18","Lưu phiên bản, đánh giá dev và bàn giao R3","1.5","5","0.5","7","","","","chua_bat_dau","","bai_lam/huong_01/novalearn/L18/","",""
"21","49","3","7","","Ôn và tự đánh giá R3","0","0","1","1","","","","chua_bat_dau","","bai_lam/huong_01/novalearn/on_tuan_3/","",""
"22","50","4","8","L19","Hợp đồng của tool","1.5","5","0.5","7","","","","chua_bat_dau","","bai_lam/huong_01/novalearn/L19/","",""
"23","51","4","8","L20","Workflow định tuyến bằng luật","1.5","5","0.5","7","","","","chua_bat_dau","","bai_lam/huong_01/novalearn/L20/","",""
"24","52","4","8","L21","Vòng lặp agent có điểm dừng","1.5","5","0.5","7","","","","chua_bat_dau","","bai_lam/huong_01/novalearn/L21/","",""
"25","53","4","8","L22","Timeout, retry và idempotency","1.5","5","0.5","7","","","","chua_bat_dau","","bai_lam/huong_01/novalearn/L22/","",""
"26","54","4","8","L23","Trạng thái phiên và run trace","1.5","5","0.5","7","","","","chua_bat_dau","","bai_lam/huong_01/novalearn/L23/","",""
"27","55","4","8","L24","Prompt injection và mốc R4","1.5","5","0.5","7","","","","chua_bat_dau","","bai_lam/huong_01/novalearn/L24/","",""
"28","56","4","8","","Ôn và tự đánh giá R4","0","0","1","1","","","","chua_bat_dau","","bai_lam/huong_01/novalearn/on_tuan_4/","",""
"29","57","5","9","L25","Cải thiện truy xuất có kiểm soát","1.5","5","0.5","7","","","","chua_bat_dau","","bai_lam/huong_01/novalearn/L25/","",""
"30","58","5","9","L26","Câu hỏi cần kết hợp nhiều nguồn","1.5","5","0.5","7","","","","chua_bat_dau","","bai_lam/huong_01/novalearn/L26/","",""
"31","59","5","9","L27","Hỏi làm rõ và giữ ý định","1.5","5","0.5","7","","","","chua_bat_dau","","bai_lam/huong_01/novalearn/L27/","",""
"32","60","5","9","L28","Fallback và phục hồi lỗi","1.5","5","0.5","7","","","","chua_bat_dau","","bai_lam/huong_01/novalearn/L28/","",""
"33","61","5","9","L29","Bộ chấm điểm và hồi quy","1.5","5","0.5","7","","","","chua_bat_dau","","bai_lam/huong_01/novalearn/L29/","",""
"34","62","5","9","L30","So sánh workflow với agent, mốc R5","1.5","5","0.5","7","","","","chua_bat_dau","","bai_lam/huong_01/novalearn/L30/","",""
"35","63","5","9","","Ôn và tự đánh giá R5","0","0","1","1","","","","chua_bat_dau","","bai_lam/huong_01/novalearn/on_tuan_5/","",""
"36","64","6","10","L31","FastAPI với hợp đồng request/response","1.5","5","0.5","7","","","","chua_bat_dau","","bai_lam/huong_01/novalearn/L31/","",""
"37","65","6","10","L32","Async, đồng thời và giới hạn tải","1.5","5","0.5","7","","","","chua_bat_dau","","bai_lam/huong_01/novalearn/L32/","",""
"38","66","6","10","L33","Kiểm thử API và CI","1.5","5","0.5","7","","","","chua_bat_dau","","bai_lam/huong_01/novalearn/L33/","",""
"39","67","6","10","L34","Đóng gói và chạy Docker tại máy","1.5","5","0.5","7","","","","chua_bat_dau","","bai_lam/huong_01/novalearn/L34/","",""
"40","68","6","10","L35","Log, latency, ngân sách và rollback","1.5","5","0.5","7","","","","chua_bat_dau","","bai_lam/huong_01/novalearn/L35/","",""
"41","69","6","10","L36","Đồ án tích hợp và mốc R6","1.5","5","0.5","7","","","","chua_bat_dau","","bai_lam/huong_01/novalearn/L36/","",""
"42","70","6","10","","Ôn và tự đánh giá R6","0","0","1","1","","","","chua_bat_dau","","bai_lam/huong_01/novalearn/on_tuan_6/","",""
